"attempt_id","task","condition","lane","metric","value"
"qgpu23-mixed-w01-l2-web-vision","web","VISION",2,"slaif_image_items_total",463.0
"qgpu23-mixed-w03-l2-web-both","web","BOTH",2,"slaif_constitution_cache_hits_total",64.0
"qgpu23-mixed-w03-l2-web-both","web","BOTH",2,"slaif_constitution_cache_writes_total",1.0
"qgpu23-mixed-w03-l2-web-both","web","BOTH",2,"slaif_constitution_compiler_attempts_total",1.0
"qgpu23-mixed-w03-l2-web-both","web","BOTH",2,"slaif_constitution_injection_total",65.0
"qgpu23-mixed-w03-l2-web-both","web","BOTH",2,"slaif_constitution_pipeline_requests_total",65.0
"qgpu23-mixed-w03-l2-web-both","web","BOTH",2,"slaif_constitution_rehydration_total",130.0
"qgpu23-mixed-w03-l2-web-both","web","BOTH",2,"slaif_constitution_roots_total",65.0
"qgpu23-mixed-w03-l2-web-both","web","BOTH",2,"slaif_image_items_total",331.0
"qgpu23-mixed-w03-l3-terminal-vision","terminal","VISION",3,"slaif_image_items_total",0.0
"qgpu23-mixed-w04-l2-terminal-cache","terminal","CACHE",2,"slaif_constitution_cache_hits_total",104.0
"qgpu23-mixed-w04-l2-terminal-cache","terminal","CACHE",2,"slaif_constitution_cache_writes_total",1.0
"qgpu23-mixed-w04-l2-terminal-cache","terminal","CACHE",2,"slaif_constitution_compiler_attempts_total",1.0
"qgpu23-mixed-w04-l2-terminal-cache","terminal","CACHE",2,"slaif_constitution_injection_total",105.0
"qgpu23-mixed-w04-l2-terminal-cache","terminal","CACHE",2,"slaif_constitution_pipeline_requests_total",105.0
"qgpu23-mixed-w04-l2-terminal-cache","terminal","CACHE",2,"slaif_constitution_rehydration_total",210.0
"qgpu23-mixed-w04-l2-terminal-cache","terminal","CACHE",2,"slaif_constitution_roots_total",105.0
"qgpu23-mixed-w04-l2-terminal-cache","terminal","CACHE",2,"slaif_image_items_total",0.0
"qgpu23-mixed-w04-l3-context-vision","context","VISION",3,"slaif_image_items_total",0.0
"qgpu23-mixed-w05-l2-context-cache","context","CACHE",2,"slaif_constitution_cache_hits_total",14.0
"qgpu23-mixed-w05-l2-context-cache","context","CACHE",2,"slaif_constitution_cache_writes_total",1.0
"qgpu23-mixed-w05-l2-context-cache","context","CACHE",2,"slaif_constitution_compiler_attempts_total",1.0
"qgpu23-mixed-w05-l2-context-cache","context","CACHE",2,"slaif_constitution_injection_total",15.0
"qgpu23-mixed-w05-l2-context-cache","context","CACHE",2,"slaif_constitution_pipeline_requests_total",15.0
"qgpu23-mixed-w05-l2-context-cache","context","CACHE",2,"slaif_constitution_rehydration_total",30.0
"qgpu23-mixed-w05-l2-context-cache","context","CACHE",2,"slaif_constitution_roots_total",15.0
"qgpu23-mixed-w05-l2-context-cache","context","CACHE",2,"slaif_image_items_total",0.0
"qgpu23-mixed-w05-l3-terminal-both","terminal","BOTH",3,"slaif_constitution_cache_hits_total",51.0
"qgpu23-mixed-w05-l3-terminal-both","terminal","BOTH",3,"slaif_constitution_cache_writes_total",1.0
"qgpu23-mixed-w05-l3-terminal-both","terminal","BOTH",3,"slaif_constitution_compiler_attempts_total",1.0
"qgpu23-mixed-w05-l3-terminal-both","terminal","BOTH",3,"slaif_constitution_injection_total",52.0
"qgpu23-mixed-w05-l3-terminal-both","terminal","BOTH",3,"slaif_constitution_pipeline_requests_total",52.0
"qgpu23-mixed-w05-l3-terminal-both","terminal","BOTH",3,"slaif_constitution_rehydration_total",104.0
"qgpu23-mixed-w05-l3-terminal-both","terminal","BOTH",3,"slaif_constitution_roots_total",52.0
"qgpu23-mixed-w05-l3-terminal-both","terminal","BOTH",3,"slaif_image_items_total",0.0
"qgpu23-mixed-w06-l3-context-both","context","BOTH",3,"slaif_constitution_cache_hits_total",17.0
"qgpu23-mixed-w06-l3-context-both","context","BOTH",3,"slaif_constitution_cache_writes_total",1.0
"qgpu23-mixed-w06-l3-context-both","context","BOTH",3,"slaif_constitution_compiler_attempts_total",1.0
"qgpu23-mixed-w06-l3-context-both","context","BOTH",3,"slaif_constitution_injection_total",18.0
"qgpu23-mixed-w06-l3-context-both","context","BOTH",3,"slaif_constitution_pipeline_requests_total",18.0
"qgpu23-mixed-w06-l3-context-both","context","BOTH",3,"slaif_constitution_rehydration_total",36.0
"qgpu23-mixed-w06-l3-context-both","context","BOTH",3,"slaif_constitution_roots_total",18.0
"qgpu23-mixed-w06-l3-context-both","context","BOTH",3,"slaif_image_items_total",0.0
"smoke-gpu23-web-q01-l2-p01-cache","web","CACHE",2,"slaif_constitution_cache_hits_total",64.0
"smoke-gpu23-web-q01-l2-p01-cache","web","CACHE",2,"slaif_constitution_cache_writes_total",1.0
"smoke-gpu23-web-q01-l2-p01-cache","web","CACHE",2,"slaif_constitution_compiler_attempts_total",5.0
"smoke-gpu23-web-q01-l2-p01-cache","web","CACHE",2,"slaif_constitution_injection_total",65.0
"smoke-gpu23-web-q01-l2-p01-cache","web","CACHE",2,"slaif_constitution_pipeline_requests_total",67.0
"smoke-gpu23-web-q01-l2-p01-cache","web","CACHE",2,"slaif_constitution_rehydration_total",130.0
"smoke-gpu23-web-q01-l2-p01-cache","web","CACHE",2,"slaif_constitution_roots_total",67.0
"smoke-gpu23-web-q01-l2-p01-cache","web","CACHE",2,"slaif_image_items_total",315.0
"smoke-gpu23-web-q01-l3-p01-cache","web","CACHE",3,"slaif_constitution_cache_hits_total",134.0
"smoke-gpu23-web-q01-l3-p01-cache","web","CACHE",3,"slaif_constitution_cache_writes_total",1.0
"smoke-gpu23-web-q01-l3-p01-cache","web","CACHE",3,"slaif_constitution_compiler_attempts_total",3.0
"smoke-gpu23-web-q01-l3-p01-cache","web","CACHE",3,"slaif_constitution_injection_total",135.0
"smoke-gpu23-web-q01-l3-p01-cache","web","CACHE",3,"slaif_constitution_pipeline_requests_total",136.0
"smoke-gpu23-web-q01-l3-p01-cache","web","CACHE",3,"slaif_constitution_rehydration_total",270.0
"smoke-gpu23-web-q01-l3-p01-cache","web","CACHE",3,"slaif_constitution_roots_total",136.0
"smoke-gpu23-web-q01-l3-p01-cache","web","CACHE",3,"slaif_image_items_total",232.0
