attempt_id,task,condition,lane,check,passed,correct_value,correct_source,error_type,detail
"qgpu23-mixed-w01-l2-web-vision","web","VISION","2","reveal_and_neighbors",true,"","","",""
"qgpu23-mixed-w01-l2-web-vision","web","VISION","2","flag_unflag_and_protected_reveal",true,"","","",""
"qgpu23-mixed-w01-l2-web-vision","web","VISION","2","loss_and_terminal_board",true,"","","",""
"qgpu23-mixed-w01-l2-web-vision","web","VISION","2","flood_and_win",false,"","","AssertionError","state differs: flagged,visible_numbers"
"qgpu23-mixed-w01-l2-web-vision","web","VISION","2","independent_randomized_rule_sequences",false,"","","AssertionError","state differs: visible_numbers"
"qgpu23-mixed-w01-l2-web-vision","web","VISION","2","restart",true,"","","",""
"qgpu23-mixed-w01-l2-web-vision","web","VISION","2","difficulty_sizes",true,"","","",""
"qgpu23-mixed-w01-l2-web-vision","web","VISION","2","no_browser_errors",true,"","","",""
"qgpu23-mixed-w01-l3-terminal-direct","terminal","DIRECT","3","movement_reveal_neighbors",false,"","","AssertionError","diagnostic state differs: revealed"
"qgpu23-mixed-w01-l3-terminal-direct","terminal","DIRECT","3","flags_and_protected_reveal",false,"","","AssertionError","diagnostic state differs: flagged"
"qgpu23-mixed-w01-l3-terminal-direct","terminal","DIRECT","3","loss_and_restart",false,"","","AssertionError","diagnostic state differs: revealed"
"qgpu23-mixed-w01-l3-terminal-direct","terminal","DIRECT","3","flood_win_and_restart",false,"","","AssertionError","diagnostic state differs: revealed,visible_numbers"
"qgpu23-mixed-w01-l3-terminal-direct","terminal","DIRECT","3","quit_from_initial_state",true,"","","",""
"qgpu23-mixed-w02-l2-context-direct","context","DIRECT","2","release_channel",false,false,false,"",""
"qgpu23-mixed-w02-l2-context-direct","context","DIRECT","2","audit_window_days",false,false,false,"",""
"qgpu23-mixed-w02-l2-context-direct","context","DIRECT","2","owner_role",false,false,false,"",""
"qgpu23-mixed-w02-l2-context-direct","context","DIRECT","2","recovery_phrase",false,false,false,"",""
"qgpu23-mixed-w02-l2-context-direct","context","DIRECT","2","alpha_retry_limit",false,false,false,"",""
"qgpu23-mixed-w02-l2-context-direct","context","DIRECT","2","alpha_region",false,false,false,"",""
"qgpu23-mixed-w02-l2-context-direct","context","DIRECT","2","alpha_checksum",false,false,false,"",""
"qgpu23-mixed-w02-l2-context-direct","context","DIRECT","2","beta_queue_mode",false,false,false,"",""
"qgpu23-mixed-w02-l2-context-direct","context","DIRECT","2","beta_timeout_seconds",false,false,false,"",""
"qgpu23-mixed-w02-l2-context-direct","context","DIRECT","2","beta_owner",false,false,false,"",""
"qgpu23-mixed-w02-l2-context-direct","context","DIRECT","2","gamma_output_format",false,false,false,"",""
"qgpu23-mixed-w02-l2-context-direct","context","DIRECT","2","gamma_retention_days",false,false,false,"",""
"qgpu23-mixed-w02-l2-context-direct","context","DIRECT","2","gamma_marker",false,false,false,"",""
"qgpu23-mixed-w02-l2-context-direct","context","DIRECT","2","delta_batch_size",false,false,false,"",""
"qgpu23-mixed-w02-l2-context-direct","context","DIRECT","2","delta_clock_policy",false,false,false,"",""
"qgpu23-mixed-w02-l2-context-direct","context","DIRECT","2","delta_fallback",false,false,false,"",""
"qgpu23-mixed-w02-l3-web-direct","web","DIRECT","3","reveal_and_neighbors",true,"","","",""
"qgpu23-mixed-w02-l3-web-direct","web","DIRECT","3","flag_unflag_and_protected_reveal",true,"","","",""
"qgpu23-mixed-w02-l3-web-direct","web","DIRECT","3","loss_and_terminal_board",true,"","","",""
"qgpu23-mixed-w02-l3-web-direct","web","DIRECT","3","flood_and_win",false,"","","AssertionError","state differs: visible_numbers"
"qgpu23-mixed-w02-l3-web-direct","web","DIRECT","3","independent_randomized_rule_sequences",false,"","","AssertionError","state differs: visible_numbers"
"qgpu23-mixed-w02-l3-web-direct","web","DIRECT","3","restart",true,"","","",""
"qgpu23-mixed-w02-l3-web-direct","web","DIRECT","3","difficulty_sizes",true,"","","",""
"qgpu23-mixed-w02-l3-web-direct","web","DIRECT","3","no_browser_errors",true,"","","",""
"qgpu23-mixed-w03-l2-web-both","web","BOTH","2","reveal_and_neighbors",true,"","","",""
"qgpu23-mixed-w03-l2-web-both","web","BOTH","2","flag_unflag_and_protected_reveal",true,"","","",""
"qgpu23-mixed-w03-l2-web-both","web","BOTH","2","loss_and_terminal_board",true,"","","",""
"qgpu23-mixed-w03-l2-web-both","web","BOTH","2","flood_and_win",false,"","","AssertionError","state differs: visible_numbers"
"qgpu23-mixed-w03-l2-web-both","web","BOTH","2","independent_randomized_rule_sequences",false,"","","AssertionError","state differs: revealed,visible_numbers"
"qgpu23-mixed-w03-l2-web-both","web","BOTH","2","restart",true,"","","",""
"qgpu23-mixed-w03-l2-web-both","web","BOTH","2","difficulty_sizes",true,"","","",""
"qgpu23-mixed-w03-l2-web-both","web","BOTH","2","no_browser_errors",true,"","","",""
"qgpu23-mixed-w03-l3-terminal-vision","terminal","VISION","3","movement_reveal_neighbors",true,"","","",""
"qgpu23-mixed-w03-l3-terminal-vision","terminal","VISION","3","flags_and_protected_reveal",true,"","","",""
"qgpu23-mixed-w03-l3-terminal-vision","terminal","VISION","3","loss_and_restart",true,"","","",""
"qgpu23-mixed-w03-l3-terminal-vision","terminal","VISION","3","flood_win_and_restart",false,"","","AssertionError","diagnostic state differs: visible_numbers"
"qgpu23-mixed-w03-l3-terminal-vision","terminal","VISION","3","quit_from_initial_state",true,"","","",""
"qgpu23-mixed-w04-l2-terminal-cache","terminal","CACHE","2","movement_reveal_neighbors",false,"","","AssertionError","diagnostic state differs: revealed"
"qgpu23-mixed-w04-l2-terminal-cache","terminal","CACHE","2","flags_and_protected_reveal",false,"","","AssertionError","diagnostic state differs: flagged"
"qgpu23-mixed-w04-l2-terminal-cache","terminal","CACHE","2","loss_and_restart",false,"","","AssertionError","diagnostic state differs: revealed"
"qgpu23-mixed-w04-l2-terminal-cache","terminal","CACHE","2","flood_win_and_restart",false,"","","AssertionError","diagnostic state differs: revealed,visible_numbers"
"qgpu23-mixed-w04-l2-terminal-cache","terminal","CACHE","2","quit_from_initial_state",true,"","","",""
"qgpu23-mixed-w04-l3-context-vision","context","VISION","3","release_channel",false,false,false,"",""
"qgpu23-mixed-w04-l3-context-vision","context","VISION","3","audit_window_days",false,false,false,"",""
"qgpu23-mixed-w04-l3-context-vision","context","VISION","3","owner_role",false,false,false,"",""
"qgpu23-mixed-w04-l3-context-vision","context","VISION","3","recovery_phrase",false,false,false,"",""
"qgpu23-mixed-w04-l3-context-vision","context","VISION","3","alpha_retry_limit",false,false,false,"",""
"qgpu23-mixed-w04-l3-context-vision","context","VISION","3","alpha_region",false,false,false,"",""
"qgpu23-mixed-w04-l3-context-vision","context","VISION","3","alpha_checksum",false,false,false,"",""
"qgpu23-mixed-w04-l3-context-vision","context","VISION","3","beta_queue_mode",false,false,false,"",""
"qgpu23-mixed-w04-l3-context-vision","context","VISION","3","beta_timeout_seconds",false,false,false,"",""
"qgpu23-mixed-w04-l3-context-vision","context","VISION","3","beta_owner",false,false,false,"",""
"qgpu23-mixed-w04-l3-context-vision","context","VISION","3","gamma_output_format",false,false,false,"",""
"qgpu23-mixed-w04-l3-context-vision","context","VISION","3","gamma_retention_days",false,false,false,"",""
"qgpu23-mixed-w04-l3-context-vision","context","VISION","3","gamma_marker",false,false,false,"",""
"qgpu23-mixed-w04-l3-context-vision","context","VISION","3","delta_batch_size",false,false,false,"",""
"qgpu23-mixed-w04-l3-context-vision","context","VISION","3","delta_clock_policy",false,false,false,"",""
"qgpu23-mixed-w04-l3-context-vision","context","VISION","3","delta_fallback",false,false,false,"",""
"qgpu23-mixed-w05-l2-context-cache","context","CACHE","2","release_channel",false,false,false,"",""
"qgpu23-mixed-w05-l2-context-cache","context","CACHE","2","audit_window_days",false,false,false,"",""
"qgpu23-mixed-w05-l2-context-cache","context","CACHE","2","owner_role",false,false,false,"",""
"qgpu23-mixed-w05-l2-context-cache","context","CACHE","2","recovery_phrase",false,false,false,"",""
"qgpu23-mixed-w05-l2-context-cache","context","CACHE","2","alpha_retry_limit",false,false,false,"",""
"qgpu23-mixed-w05-l2-context-cache","context","CACHE","2","alpha_region",false,false,false,"",""
"qgpu23-mixed-w05-l2-context-cache","context","CACHE","2","alpha_checksum",false,false,false,"",""
"qgpu23-mixed-w05-l2-context-cache","context","CACHE","2","beta_queue_mode",false,false,false,"",""
"qgpu23-mixed-w05-l2-context-cache","context","CACHE","2","beta_timeout_seconds",false,false,false,"",""
"qgpu23-mixed-w05-l2-context-cache","context","CACHE","2","beta_owner",false,false,false,"",""
"qgpu23-mixed-w05-l2-context-cache","context","CACHE","2","gamma_output_format",false,false,false,"",""
"qgpu23-mixed-w05-l2-context-cache","context","CACHE","2","gamma_retention_days",false,false,false,"",""
"qgpu23-mixed-w05-l2-context-cache","context","CACHE","2","gamma_marker",false,false,false,"",""
"qgpu23-mixed-w05-l2-context-cache","context","CACHE","2","delta_batch_size",false,false,false,"",""
"qgpu23-mixed-w05-l2-context-cache","context","CACHE","2","delta_clock_policy",false,false,false,"",""
"qgpu23-mixed-w05-l2-context-cache","context","CACHE","2","delta_fallback",false,false,false,"",""
"qgpu23-mixed-w05-l3-terminal-both","terminal","BOTH","3","movement_reveal_neighbors",false,"","","AssertionError","diagnostic state differs: revealed"
"qgpu23-mixed-w05-l3-terminal-both","terminal","BOTH","3","flags_and_protected_reveal",false,"","","AssertionError","diagnostic state differs: flagged"
"qgpu23-mixed-w05-l3-terminal-both","terminal","BOTH","3","loss_and_restart",false,"","","AssertionError","diagnostic state differs: revealed"
"qgpu23-mixed-w05-l3-terminal-both","terminal","BOTH","3","flood_win_and_restart",false,"","","AssertionError","diagnostic state differs: revealed,visible_numbers"
"qgpu23-mixed-w05-l3-terminal-both","terminal","BOTH","3","quit_from_initial_state",true,"","","",""
"qgpu23-mixed-w06-l2-terminal-direct","terminal","DIRECT","2","movement_reveal_neighbors",true,"","","",""
"qgpu23-mixed-w06-l2-terminal-direct","terminal","DIRECT","2","flags_and_protected_reveal",true,"","","",""
"qgpu23-mixed-w06-l2-terminal-direct","terminal","DIRECT","2","loss_and_restart",true,"","","",""
"qgpu23-mixed-w06-l2-terminal-direct","terminal","DIRECT","2","flood_win_and_restart",false,"","","AssertionError","diagnostic state differs: visible_numbers"
"qgpu23-mixed-w06-l2-terminal-direct","terminal","DIRECT","2","quit_from_initial_state",true,"","","",""
"qgpu23-mixed-w06-l3-context-both","context","BOTH","3","release_channel",false,false,false,"",""
"qgpu23-mixed-w06-l3-context-both","context","BOTH","3","audit_window_days",false,false,false,"",""
"qgpu23-mixed-w06-l3-context-both","context","BOTH","3","owner_role",false,false,false,"",""
"qgpu23-mixed-w06-l3-context-both","context","BOTH","3","recovery_phrase",false,false,false,"",""
"qgpu23-mixed-w06-l3-context-both","context","BOTH","3","alpha_retry_limit",false,false,false,"",""
"qgpu23-mixed-w06-l3-context-both","context","BOTH","3","alpha_region",false,false,false,"",""
"qgpu23-mixed-w06-l3-context-both","context","BOTH","3","alpha_checksum",false,false,false,"",""
"qgpu23-mixed-w06-l3-context-both","context","BOTH","3","beta_queue_mode",false,false,false,"",""
"qgpu23-mixed-w06-l3-context-both","context","BOTH","3","beta_timeout_seconds",false,false,false,"",""
"qgpu23-mixed-w06-l3-context-both","context","BOTH","3","beta_owner",false,false,false,"",""
"qgpu23-mixed-w06-l3-context-both","context","BOTH","3","gamma_output_format",false,false,false,"",""
"qgpu23-mixed-w06-l3-context-both","context","BOTH","3","gamma_retention_days",false,false,false,"",""
"qgpu23-mixed-w06-l3-context-both","context","BOTH","3","gamma_marker",false,false,false,"",""
"qgpu23-mixed-w06-l3-context-both","context","BOTH","3","delta_batch_size",false,false,false,"",""
"qgpu23-mixed-w06-l3-context-both","context","BOTH","3","delta_clock_policy",false,false,false,"",""
"qgpu23-mixed-w06-l3-context-both","context","BOTH","3","delta_fallback",false,false,false,"",""
"smoke-gpu23-web-q01-l2-p01-cache","web","CACHE","2","reveal_and_neighbors",true,"","","",""
"smoke-gpu23-web-q01-l2-p01-cache","web","CACHE","2","flag_unflag_and_protected_reveal",true,"","","",""
"smoke-gpu23-web-q01-l2-p01-cache","web","CACHE","2","loss_and_terminal_board",true,"","","",""
"smoke-gpu23-web-q01-l2-p01-cache","web","CACHE","2","flood_and_win",false,"","","AssertionError","state differs: flagged"
"smoke-gpu23-web-q01-l2-p01-cache","web","CACHE","2","independent_randomized_rule_sequences",false,"","","AssertionError","state differs: revealed,visible_numbers"
"smoke-gpu23-web-q01-l2-p01-cache","web","CACHE","2","restart",true,"","","",""
"smoke-gpu23-web-q01-l2-p01-cache","web","CACHE","2","difficulty_sizes",true,"","","",""
"smoke-gpu23-web-q01-l2-p01-cache","web","CACHE","2","no_browser_errors",true,"","","",""
"smoke-gpu23-web-q01-l3-p01-cache","web","CACHE","3","reveal_and_neighbors",true,"","","",""
"smoke-gpu23-web-q01-l3-p01-cache","web","CACHE","3","flag_unflag_and_protected_reveal",true,"","","",""
"smoke-gpu23-web-q01-l3-p01-cache","web","CACHE","3","loss_and_terminal_board",true,"","","",""
"smoke-gpu23-web-q01-l3-p01-cache","web","CACHE","3","flood_and_win",true,"","","",""
"smoke-gpu23-web-q01-l3-p01-cache","web","CACHE","3","independent_randomized_rule_sequences",true,"","","",""
"smoke-gpu23-web-q01-l3-p01-cache","web","CACHE","3","restart",true,"","","",""
"smoke-gpu23-web-q01-l3-p01-cache","web","CACHE","3","difficulty_sizes",true,"","","",""
"smoke-gpu23-web-q01-l3-p01-cache","web","CACHE","3","no_browser_errors",true,"","","",""
